channel_name
mModuleName
sensor_name,type,sensitivity,bandwidth,full_scale,damping,localization
Sensor_1,Acceleration,Not Specified,Not Specified,Not Specified,Not Specified,Not Specified
sensor_name,type,sensitivity,bandwidth,full_scale,damping,localization
Sensor_2,Acceleration,Not Specified,Not Specified,Not Specified,Not Specified,Not Specified
sensor_name,type,sensitivity,bandwidth,full_scale,damping,localization
Sensor_3,Acceleration,Not Specified,Not Specified,Not Specified,Not Specified,Not Specified
sensor_name,type,sensitivity,bandwidth,full_scale,damping,localization
Sensor4,Acceleration,Not Specified,Not Specified,Not Specified,Not Specified,Not Specified
